word,appears_in
carafe,['0to']
blind,"['0to', '26po', '61po', '109po']"
glass,"['0to', '0po', '11po', '47po', '59po', '80po', '109po']"
kind,"['0po', '2po', '11po', '24po', '38po', '54po', '58po', '60po', '65po', '66po']"
cousin,['0po']
spectacle,"['0po', '17po', '109po']"
nothing,"['0po', '6to', '11po', '17po', '20po', '29po', '37po', '45po', '58po', '60po', '62po', '109po']"
strange,"['0po', '4po', '33po', '53po', '58po', '59po', '60po', '78po', '80po', '95po', '109po']"
single,"['0po', '4po', '6po', '8po', '27po', '35po', '42po', '58po', '59po', '60po', '63po', '69po', '71to', '71po', '109po']"
hurt,"['0po', '2po', '53po', '60po']"
color,"['0po', '1po', '2po', '4po', '5po', '7po', '10po', '11po', '12po', '13po', '15po', '16po', '19po', '22po', '25po', '37po', '58po', '60po', '62po', '109po']"
arrangement,"['0po', '10po', '17po', '41po', '60po', '109po']"
system,"['0po', '8po']"
pointing,['0po']
ordinary,"['0po', '2po', '58po', '60po', '61po', '109po']"
unordered,['0po']
resembling [resemble],['0po']
difference,"['0po', '2po', '42po', '58po', '109po']"
spreading,"['0po', '21po', '109po']"
glazed,['1to']
glitter,['1to']
nickel,['1po']
originally,['1po']
rid,"['1po', '22po']"
cover,"['1po', '2po', '5po', '10po', '11po', '54po', '106po', '109po']"
change,"['1po', '2po', '6po', '11po', '27po', '35po', '44po', '47po', '58po', '59po', '60po', '61po', '63po', '66po', '72po', '80po', '109po']"
red,"['1po', '2po', '3po', '6po', '9to', '10po', '13po', '14to', '14po', '22po', '40to', '40po', '48po', '52po', '53po', '58po', '62po', '63po', '80po', '83po', '92po', '94po', '106po', '107po', '109po']"
weakens [weaken],['1po']
hour,"['1po', '52po']"
come,"['1po', '2po', '20po', '38po', '45po', '68po', '69po', '97po', '98po', '109po']"
search,"['1po', '58po', '61po']"
hope,"['1po', '17po', '37po', '45po', '54po', '58po']"
interpretation,['1po']
sometime,['1po']
surely,"['1po', '43po', '59po', '109po']"
unwelcome,['1po']
breath,"['1po', '109po']"
sinecure [cinch],['1po']
charming,"['1po', '109po']"
clean,"['1po', '2po', '4po', '42po', '58po', '78po', '109po']"
cleansing,['1po']
certainly,"['1po', '6po', '12po', '17po', '58po', '60po', '109po']"
glittering,['1po']
handsome,"['1po', '20po', '109po']"
convincing,['1po']
gratitude,"['1po', '2po']"
mercy,"['1po', '5po', '84po']"
medicine,"['1po', '58po']"
breakages [breakage],['1po']
japanese [japan],"['1po', '27po']"
programme [program],['1po']
chosen,['1po']
yesterday,"['1po', '58po', '60po', '72po', '109po']"
showed [show],"['1po', '19po', '20po', '109po']"
spitting,['1po']
perhaps,['1po']
washing,"['1po', '11po', '82po']"
polishing [polish],['1po']
obligation,"['1po', '58po']"
borrowing,"['1po', '109po']"
natural,"['1po', '68po', '109po']"
use,"['1po', '2po', '4po', '10po', '12po', '14po', '19po', '20po', '22po', '37po', '38po', '58po', '60po', '61po', '66po', '72po', '105po', '109po']"
giving,"['1po', '11po', '109po']"
substance,"['2to', '3po', '10po', '109po']"
cushion,"['2to', '2po']"
likely,"['2po', '4po', '47po', '59po', '60po', '65po', '72po', '109po']"
little,"['2po', '11po', '22po', '37to', '40po', '42po', '43po', '45to', '45po', '46po', '47po', '49po', '52po', '53po', '54po', '58po', '59po', '61po', '63po', '65po', '66po', '68po', '69po', '70po', '71po', '72po', '73po', '78po', '79po', '81po', '83po', '85po', '91po', '95po', '97po', '109po']"
prepared,['2po']
sugar,"['2po', '58po', '61to', '69po', '109po']"
vegetable,"['2po', '70po', '83to', '84to']"
callous,['2po']
something,"['2po', '3po', '6po', '58po', '59po', '109po']"
hardening,['2po']
leaves,"['2po', '84po']"
behind,"['2po', '33po', '69po', '109po']"
soft,['2po']
genuine,['2po']
interest,['2po']
present,"['2po', '12po', '59po', '60po', '62po']"
many,"['2po', '12po', '54po', '60po', '109po']"
girls [girl],['2po']
men,"['2po', '63po']"
shows [show],"['2po', '10po', '11po', '17po', '20po', '21po', '27po', '41po', '42po', '45po', '48po', '58po', '59po', '60po', '68po', '69po', '109po']"
dirt,"['2po', '5to', '5po', '9po', '16po', '58po']"
volume,"['2po', '58po']"
supposing,"['2po', '4po', '12po', '27po', '58po', '109po']"
like,"['2po', '17po', '18po', '49po', '58po', '59po']"
appearance,['2po']
regularity,['2po']
costume,['2po']
worse,"['2po', '109po']"
oyster,"['2po', '69po', '102po', '109po']"
exchange,"['2po', '8po', '20po', '58po', '62po', '109po']"
season,"['2po', '31po', '60po', '109po']"
extreme,"['2po', '9po']"
feather,"['2po', '43to', '43po', '45po', '58po']"
cotton,"['2po', '4po']"
much,"['2po', '14po', '17po', '20po', '41po', '58po', '60po', '61po', '100po', '109po']"
joy,"['2po', '58po', '60po', '67po']"
table,"['2po', '4po', '5po', '10po', '47to', '47po', '108to', '109po']"
chairs [chair],"['2po', '58po', '109po']"
roundness,['2po']
place,"['2po', '4po', '13po', '14po', '16po', '17po', '18po', '41po', '58po', '59po', '60po', '61po', '109po']"
put,"['2po', '54po', '61po', '62po', '82po', '85po', '94po', '109po']"
circle,"['2po', '58po']"
fine,"['2po', '3po', '61po']"
card,"['2po', '11po']"
board,"['2po', '68po']"
chance,"['2po', '17po', '20po', '54po', '58po', '62po', '109po']"
see,"['2po', '3po', '4po', '5po', '10po', '58po', '59po', '62po', '95po', '102po', '109po']"
tassel,['2po']
violent,"['2po', '60po', '61po', '109po']"
delightfulness,['2po']
pleasure,"['2po', '4po', '58po', '109po']"
getting,['2po']
tired,['2po']
question,"['2po', '3po', '61po', '80po', '82po', '105po', '109po']"
quotation,['2po']
top,"['2po', '45po', '60po']"
covering,"['2po', '109po']"
rate,"['2po', '61po', '109po']"
venturing [venture],['2po']
refusing,['2po']
believe,['2po']
nonsense,"['2po', '109po']"
whole,"['2po', '11po', '17po', '27po', '38po', '41po', '42po', '45po', '47po', '58po', '60po', '61po', '62po', '64po', '73po', '107po', '109po']"
piece,"['2po', '4to', '4po', '11po', '18po', '22po', '27po', '35po', '53po', '54po', '59po', '61po', '66po', '97po', '109po']"
one,"['2po', '4po', '10po', '11po', '24po', '54po', '58po', '61po', '63po', '95po', '109po']"
uses [use],['2po']
things [thing],"['2po', '71po']"
could,"['2po', '12po', '37po', '45po', '58po', '60po', '62po', '109po']"
dearer [dear],['2po']
case,"['2po', '4po', '58po', '59po', '88po', '109po']"
bargain,"['2po', '58po']"
best,"['2po', '21po', '24po', '29po', '35po', '45po', '54po', '56po', '58po', '60po', '61po', '62po', '63po', '66po', '68po', '69po', '95po', '109po']"
thing,"['2po', '4po', '11po', '38po', '41po', '42po', '47po', '51po', '58po', '59po', '62po', '73po', '109po']"
take,"['2po', '60po']"
away,"['2po', '15po', '18po', '58po', '107po', '109po']"
wear,"['2po', '68po']"
reckless,"['2po', '46po']"
resolved,['2po']
returning [return],"['2po', '109po']"
light,"['2po', '4po', '34po', '42po', '43po', '58po', '59po', '68po', '109po']"
blue,"['2po', '11po', '13po', '15to', '15po', '45po', '109po']"
purple,"['2po', '58po']"
makes [make],"['2po', '5po', '8po', '10po', '12po', '13po', '22po', '28po', '30po', '31po', '42po', '45po', '48po', '57po', '58po', '59po', '60po', '63po', '68po', '72po', '73po', '77po', '92po', '109po']"
mistake,"['2po', '53po', '60po', '109po']"
pink,"['2po', '13po', '40po', '59po', '109po']"
reasonable,"['2po', '58po', '83po']"
finer,['2po']
fancy,['2po']
increase,"['2po', '10po', '58po', '63po']"
means,"['2po', '7po', '10po', '17po', '33po', '42po', '47po', '49po', '54po', '58po', '60po', '62po', '67po', '72po', '80po', '109po']"
calamity,['2po']
preparation,"['2po', '75po', '109po']"
three,"['2po', '10po', '24po', '109po']"
together,"['2po', '11po', '24po', '58po', '60po', '109po']"
calm,"['2po', '58po', '60po', '66po']"
sweetness,"['2po', '109po']"
seal,['2po']
matches [match],['2po']
swan,['2po']
ivy,['2po']
suit,['2po']
closet,['2po']
connect,['2po']
bed,"['2po', '58po', '80po', '84po', '109po']"
band,['2po']
white,"['2po', '3po', '9po', '10po', '11po', '13po', '22po', '34po', '45po', '50to', '50po', '52po', '54po', '58po', '60po', '61po', '63po', '65po', '68po', '72po', '78po', '94po', '95po', '109po']"
black,"['2po', '8po', '12po', '13po', '56to', '56po', '58po', '109po']"
green,"['2po', '3po', '11po', '13po', '19po', '45po', '54po', '58po', '60po', '61po', '66po', '68po', '72po', '81po', '109po']"
string,"['2po', '11po', '54po', '58po', '109po']"
sight,"['2po', '4po', '45po', '58po', '64po', '71po', '78po', '109po']"
groan,['2po']
grinding,['2po']
trimming,['2po']
sweet,"['2po', '59po', '66po', '71po', '78po', '109po']"
singing,"['2po', '58po']"
round,"['2po', '3po', '11po', '22po', '53po', '58po']"
disgrace,"['2po', '34po', '35po', '109po']"
carelessness,['2po']
even,"['2po', '5po', '9po', '11po', '12po', '14po', '15po', '16po', '17po', '47po', '58po', '59po', '60po', '61po', '109po']"
sewing,['2po']
comes,"['2po', '3po', '61po', '109po']"
way,"['2po', '3po', '4po', '11po', '12po', '16po', '20po', '21po', '48po', '54po', '58po', '59po', '60po', '62po', '65po', '71po', '84to', '95po', '108po', '109po']"
sash,['2po']
anything,"['2po', '17po', '29po', '41po', '45po', '58po', '59po', '60po', '109po']"
mustard,['2po']
stripes [stripe],"['2po', '79po']"
box,"['3to', '10to', '10po']"
kindness,"['3po', '58po', '59po']"
redness,['3po']
rudeness,['3po']
rapid,['3po']
eye,"['3po', '25to', '58po', '59po', '61po', '63po']"
research,['3po']
selection,"['3po', '11po', '16po', '109po']"
painful,['3po']
cattle,['3po']
order,"['3po', '11po', '35po', '58po', '109po']"
suggesting,['3po']
pin,"['3po', '16po', '72po']"
disappointing,['3po']
rudimentary,['3po']
analysed [analyze],['3po']
strangely,"['3po', '4po', '11po']"
earnest,"['3po', '6po', '58po']"
point,"['3po', '53po']"
coffee,"['4to', '4po', '11po', '60po', '68po']"
double,"['4po', '98po', '109po']"
new,"['4po', '23to', '84po', '103po']"
image,['4po']
splendor,"['4po', '109po']"
dirty,"['4po', '17po', '58po', '59po', '62po', '72po', '87po']"
yellow,"['4po', '10po', '13po', '23po', '31po', '37po', '58po', '62po', '68po', '72po', '109po']"
sign,"['4po', '7po', '11po', '17po', '52po', '59po', '60po', '72po', '109po']"
mentioned [mention],"['4po', '109po']"
detainer,['4po']
resemblance,"['4po', '17po', '59po', '109po']"
dirtier [dirty],['4po']
distincter [distinct],['4po']
mixture,"['4po', '60po', '109po']"
whiter [white],['4po']
coal,"['4po', '58po', '70po']"
never,"['4po', '19po', '58po', '60po', '95po', '97po', '109po']"
altogether,"['4po', '11po', '12po', '30po', '58po', '59po', '60po', '62po', '109po']"
reason,"['4po', '10po', '20po', '22po', '33po', '35po', '58po', '59po', '60po', '80po', '109po']"
slighter [slight],['4po']
simpler,"['4po', '58po', '109po']"
negative,['4po']
answer,"['4po', '80po', '109po']"
sore,['4po']
sounder [solid],['4po']
intention,['4po']
wishing,['4po']
furniture,"['4po', '109po']"
time,"['4po', '10po', '12po', '17po', '18po', '35po', '36to', '38po', '58po', '60po', '61po', '67po', '72po', '95po', '107po', '109po']"
show,"['4po', '11po', '20po', '24po', '27po', '28po', '29po', '42po', '45po', '52po', '58po', '59po', '60po', '78po', '98po', '102po', '103po', '109po']"
message,"['4po', '12po']"
late,"['4po', '95po']"
later,['4po']
hanging,"['4po', '64po', '80po', '109po']"
blight,"['4po', '68po']"
torn,"['4po', '109po']"
rosewood,['4po']
dangerous,['4po']
cheap,['4po']
cheaper [cheap],"['4po', '59po']"
amusing,['4po']
side,"['4po', '17po', '24po']"
sooner,"['4po', '10po', '58po']"
fewer [few],['4po']
certain,"['4po', '12po', '60po']"
necessity,"['4po', '11po', '58po', '60po', '68po', '109po']"
dwindled [dwindle],['4po']
contained [contain],"['4po', '58po', '109po']"
distress,"['4po', '58po']"
number,"['4po', '72po']"
astonishment,"['4po', '60po']"
necessary,"['4po', '9po', '10po', '12po', '13po', '14po', '17po', '42po', '47po', '58po', '60po', '61po', '63po', '71po', '92po', '109po']"
mingle,"['4po', '59po']"
settling,['4po']
stationing [station],['4po']
cleaning,['4po']
shatter,"['4po', '95po']"
scatter,['4po']
scattering,['4po']
custom,"['4po', '10po', '16po', '60po']"
soap,"['4po', '54po']"
silk,"['4po', '59po', '68po']"
design,"['4po', '58po', '109po']"
concentrating [concentrate],['4po']
illusion,['4po']
illustration,['4po']
perfect,"['4po', '58po', '60po', '109po']"
accustom,['4po']
lining,"['4po', '58po']"
shape,"['4po', '5po', '59po', '85po', '109po']"
ribbon,"['4po', '7po', '23po', '58po', '109po']"
solid,"['4po', '59po', '61po', '62po', '109po']"
quite,"['4po', '11po', '14po', '60po', '109po']"
standing,"['4po', '16po', '60po', '109po']"
heaviness,['4po']
morning,"['4po', '58po', '60po', '109po']"
enough,"['4po', '7po', '11po', '21po', '48po', '109po']"
nicely,"['4po', '38po']"
may,"['4po', '109po']"
exaggerating,"['4po', '58po']"
strongly,['4po']
sincerely,"['4po', '58po']"
fainting,['4po']
flattering,['4po']
everything,"['4po', '14po', '58po', '109po']"
copper,"['5to', '5po', '58po', '109po']"
darker [dark],"['5po', '58po']"
heavy,"['5po', '61po', '109po']"
melody,"['5po', '109po']"
harder,['5po']
relaxation,"['5po', '60po']"
strength,"['5po', '27po']"
spread,"['5po', '16po', '37po', '58po', '60po', '109po']"
fuller,['5po']
places [place],"['5po', '6po', '27po', '29po', '31po', '37po', '47po', '70po']"
empty,"['5po', '10po', '109po']"
elegant,"['6to', '12po', '22po']"
charm,"['6po', '34po']"
doubtful,['6po']
rose,"['6po', '40po', '48po', '54po', '106po']"
gate,"['6po', '52po']"
surrounding,"['6po', '58po']"
inside,"['6po', '58po', '107po']"
let,"['6po', '54po', '57po', '95po']"
upright,['6po']
mildreds [person],['7to']
umbrella,"['7to', '20to', '33to']"
curve,"['7po', '58po']"
loud,"['7po', '43po', '67po']"
extra,"['7po', '31po', '58po', '68po', '72po', '80po', '89po', '102po']"
clash,['7po']
wagon,"['7po', '109po']"
sac [sack],['7po']
small,"['7po', '11po', '58po', '61po', '109po']"
established,"['7po', '10po', '59po', '109po']"
cunning,"['7po', '65po']"
slender,"['7po', '12po', '17po', '24po', '58po', '94po']"
grey,"['7po', '10po', '14po', '54po', '60po']"
loss,"['7po', '60po', '109po']"
great,['7po']
restitution,['7po']
method,['8to']
cloak,['8to']
climb,"['8po', '35po', '53po', '64po']"
line,"['8po', '13po', '59po', '61po', '68po', '109po']"
straight,"['8po', '98po']"
cane,"['8po', '66po']"
desperate,['8po']
adventure,['8po']
courage,"['8po', '58po']"
clock,['8po']
feeling,"['8po', '58po']"
resignation,"['8po', '58po', '59po', '109po']"
success,"['8po', '58po', '109po']"
attractive,['8po']
silver,"['8po', '10po', '12po', '58po', '109po']"
stamp,"['9to', '45po', '109po']"
lilies [lily],['9po']
lily,['9po']
exhaust,"['9po', '68po']"
noise,"['9po', '61po', '97po', '109po']"
distance,"['9po', '109po']"
dust,"['9po', '10po']"
dusty,"['9po', '10po', '109po']"
surface,"['9po', '58po', '109po']"
grace,"['9po', '22po']"
need,"['9po', '60po', '69po', '78po', '109po']"
catalogue,['9po']
2 [two],"['10to', '64to', '75to', '87to', '93to', '98to', '103to', '107to']"
large,"['10po', '42po', '58po', '63po', '71po']"
handily,['10po']
made,"['10po', '12po', '24po', '37po', '38po', '41po', '59po', '62po', '72po', '108po', '109po']"
replace,"['10po', '109po']"
suppose,"['10po', '12po', '52to', '52po', '54po', '58po', '84po', '105po', '108po', '109po']"
example,"['10po', '24po', '69po', '95po', '109po']"
plainer,"['10po', '109po']"
outward,['10po']
recognition,"['10po', '58po', '63po']"
result,"['10po', '58po', '60po', '72po']"
sometimes,['10po']
neatly,['10po']
holes [hole],"['10po', '63po']"
stopped,['10po']
paper,"['10po', '28to', '28po', '109po']"
used,"['10po', '15po', '60po', '109po']"
taken,"['10po', '18po']"
part,"['10po', '107po']"
different,"['10po', '52po', '58po', '109po']"
connections [connection],['10po']
two,"['10po', '24po', '54po', '59po', '61po', '63po', '72po', '109po']"
length,"['10po', '13po', '15po', '29po', '58po', '109po']"
shown,"['10po', '11po', '18po', '109po']"
longer,"['10po', '17po', '58po', '95po', '109po']"
corners [corner],"['10po', '66po', '109po']"
shade,"['10po', '59po', '69po', '71po', '91po', '109po']"
eight,['10po']
singular,"['10po', '58po', '60po', '65po', '80po']"
make,"['10po', '24po', '29po', '35po', '58po', '59po', '60po', '78po', '91po', '95po', '109po']"
four,"['10po', '37po', '58po', '59po', '109po']"
lax,['10po']
lighter,"['10po', '109po']"
weight,"['10po', '58po', '60po', '95po', '109po']"
indicate,['10po']
wedding,"['10po', '45po', '53po', '60po', '85po']"
journey,['10po']
last,"['10po', '18po', '49po', '91po', '109po']"
brown,"['10po', '44to', '44po', '56po', '60po']"
curious,"['10po', '59po']"
wealthy,['10po']
cigarettes [cigarette],['10po']
doubling,['10po']
left,"['10po', '18po', '35po', '59po', '92po', '93po', '95po', '109po']"
open,"['10po', '16po', '19po', '52po', '60po', '61po', '63po', '109po']"
pounded [pound],['10po']
closed,"['10po', '63po']"
circulating [circulate],['10po']
summer,"['10po', '12po', '52po', '58po', '79to', '109po']"
winter,"['10po', '12po', '95po', '109po']"
sick,['10po']
sure,['10po']
measure,"['10po', '58po', '95po', '109po']"
choice,"['10po', '48po', '58po', '60po', '69po', '107po', '109po']"
winged,['10po']
pieces [piece],['10po']
washed,['10po']
say,"['10po', '27po', '29po', '35po', '45po', '49po', '51po', '52po', '54po', '68po', '69po', '88po', '97po', '109po']"
fitting,"['10po', '109po']"
idle,['10po']
cloister [monastery],['10po']
spark,"['10po', '109po']"
brighter [bright],['10po']
hardly,"['10po', '19po', '58po', '109po']"
ever,"['10po', '17po', '20po', '60po']"
plate,"['11to', '11po', '27po', '53po', '54po', '58po', '60po']"
occasion,"['11po', '21po', '28po', '58po', '60po', '97po', '109po']"
occasional,"['11po', '12po']"
resource,"['11po', '58po']"
buying [buy],['11po']
soon,['11po']
enable,['11po']
neater [neat],['11po']
party,['11po']
clever,['11po']
song,"['11po', '109po']"
plates [plate],"['11po', '58po', '66po', '109po']"
dinner,"['11po', '58po', '68po', '95to', '109po']"
set,"['11po', '45po', '95po', '109po']"
colored,"['11po', '22po', '42to', '42po', '54po', '60po', '61po', '63po', '66po']"
china,"['11po', '85po', '108po', '109po']"
pack,['11po']
protect,['11po']
centre [center],"['11po', '16po', '24po', '25po', '58po', '59po', '60po', '102po', '108to', '109po']"
considerable,['11po']
haste,['11po']
gather,"['11po', '58po']"
cooling,['11po']
collect,['11po']
trembling,"['11po', '58po']"
church,"['11po', '109po']"
sad,"['11po', '109po']"
size,"['11po', '32po', '52po', '58po', '69po', '109po']"
every,"['11po', '13po', '58po', '71po', '109po']"
bit,"['11po', '18po', '37to', '109po']"
precocious,"['11po', '65po']"
game,"['11po', '109po']"
flat,['11po']
particular,"['11po', '15po', '58po', '59po', '82po']"
breaking,['11po']
losing,['11po']
splendid,"['11po', '59po']"
address,['11po']
really,"['11po', '17po', '41po', '42po', '45po', '54po', '58po', '60po', '63po', '97po', '109po']"
flower,"['11po', '42po', '54po', '60po', '78po', '109po']"
freely,['11po']
mark,"['11po', '29po']"
wetting,"['11po', '109po']"
cut,"['11po', '24po', '40po', '45po', '61po', '62po', '65po', '74po', '83po', '93po', '98po', '109po']"
lately,['11po']
stem,['11po']
starting,['11po']
evening,"['11po', '58po', '109po']"
coming,['11po']
complication,['11po']
lamp,"['11po', '109po']"
cake,"['11po', '59po', '60po', '72to', '72po', '84po', '99po', '109po']"
stone,"['11po', '109po']"
plan,"['11po', '60po']"
hearty,['11po']
compressed,['11po']
disease,['11po']
incline,"['11po', '60po']"
excess,['11po']
break,"['11po', '68po']"
filling,['11po']
seltzer,['12to']
bottle,"['12to', '109po']"
neglect,"['12po', '58po', '70po']"
particles [particle],['12po']
cracking,['12po']
around,"['12po', '58po', '61po']"
lead,"['12po', '54po']"
discolor,['12po']
manifold,['12po']
selected,"['12po', '61po']"
assured,"['12po', '109po']"
extract,['12po']
permitted,['12po']
handling,['12po']
needed [need],"['12po', '109po']"
rest,"['12po', '18po', '54po', '58po', '62po', '67po', '94po', '97po', '109po']"
mixed,"['12po', '59po', '60po', '61po', '109po']"
long,"['12po', '13to', '13po', '19po', '24po', '58po', '72po']"
needle,['12po']
border,"['12po', '109po']"
dress,"['12po', '13to', '52po', '57to']"
actual,"['12po', '17po', '60po']"
mean,"['12po', '47po', '54po', '58po', '59po', '88po', '109po']"
state,"['12po', '53po', '78po', '109po']"
august,['12po']
melodiously,['12po']
incident,['12po']
middle,"['12po', '51po', '58po', '59po', '63po', '109po']"
settlement,"['12po', '62po', '63po', '109po']"
consequence,"['12po', '109po']"
final,"['12po', '60po']"
sufficient,['12po']
substituted,['12po']
kindly,"['12po', '58po']"
constant,"['12po', '63po']"
current,"['13po', '109po']"
machinery,['13po']
crackle,['13po']
presents [present],['13po']
waist,"['13po', '35to']"
wind,"['13po', '109po']"
serene,['13po']
dark,"['13po', '14po', '16po', '35po', '59po', '63po', '72po', '109po']"
scarlet,['13po']
bow,"['13po', '45po']"
distinguishes [distinguish],['13po']
hat,"['14to', '42po', '53po', '72po', '109po']"
monstrous,['14po']
ordinarily,"['14po', '17po', '60po']"
argument,['14po']
better,"['14po', '58po', '67po', '73po']"
stretched [stretch],['14po']
coat,"['15to', '15po', '53po', '109po']"
guided [guide],['15po']
width,"['15po', '109po']"
shadow,"['15po', '58po', '61po', '109po']"
piano,['16to']
speed,"['16po', '109po']"
careless,"['16po', '27to', '109po']"
strong,"['16po', '58po', '60po']"
scent,['16po']
awkward,"['16po', '109po']"
button,['16po']
holder,['16po']
held [hold],"['16po', '109po']"
waving,['16po']
none,"['16po', '58po', '109po']"
scarcely,['16po']
acted [act],['16po']
restraint,"['16po', '58po', '60po']"
shuts [shut],['16po']
lifts [lift],['16po']
awkwardly,['16po']
chair,"['17to', '58po', '109po']"
widow,['17po']
wise,['17po']
veil,['17po']
garments [garment],['17po']
shadows [shadow],"['17po', '58po', '65po']"
addresses [address],['17po']
stage,['17po']
learning,"['17po', '59po']"
regular,"['17po', '22po', '45po', '106po', '109po']"
severest [severe],['17po']
preserved [preserve],"['17po', '58po']"
always,"['17po', '58po', '109po']"
authorised [authorized],"['17po', '36po', '109po']"
suitable,['17po']
establishment,['17po']
well,"['17po', '25po', '58po', '61po', '71po', '82po', '97po', '109po']"
housed [accommodate],['17po']
practical,"['17po', '61po', '109po']"
patient,['17po']
staring,['17po']
bedding,['17po']
particularly,['17po']
complaining [complain],['17po']
fact,"['17po', '109po']"
direction,['17po']
sudden,"['17po', '24po', '29po', '32po', '58po', '60po', '61po', '62po', '63po', '65po', '109po']"
sofa,['17po']
main,['17po']
action,"['17po', '60po', '109po']"
without,"['17po', '109po']"
blaming,['17po']
custody,['17po']
practice,"['17po', '60po']"
measurement,['17po']
betrayal,['17po']
showing,"['17po', '63po']"
wearing,['17po']
circular,"['17po', '109po']"
else,"['17po', '109po']"
choose,"['17po', '45po', '58po', '61po']"
ended,['17po']
treat,['17po']
seat,"['17po', '60po', '67po', '70po']"
practiced,"['17po', '58po']"
easily,"['17po', '59po']"
pick,"['17po', '53po']"
barn,['17po']
bend,['17po']
accents [accent],['17po']
shine,"['17po', '48po', '58po', '109po']"
darkness,"['17po', '59po', '109po']"
necessarily,"['17po', '37po', '60po']"
actually,['17po']
aching,['17po']
stubborn,['17po']
bloom,['17po']
artificial,['17po']
binding,['17po']
accident,['17po']
animosity,['17po']
accentuation,['17po']
diminishing [diminish],['17po']
complexion,['17po']
rubbing,"['17po', '58po', '109po']"
special,"['17po', '60po', '109po']"
protection,"['17po', '60po']"
frightful,['18to']
release,['18to']
bag,['18po']
turned,"['18po', '109po']"
found,"['18po', '71po']"
exchanged [exchange],['18po']
mismanaged [mismanage],['18po']
purse,"['19to', '19po']"
straw,"['19po', '109po']"
seen,"['19po', '62po', '63po', '66po', '69po', '109po']"
chain,"['19po', '61po', '62po']"
missing,['19po']
misplaced [misplace],['19po']
mounted,"['20to', '43po']"
leaving,['20po']
would,"['20po', '58po', '95po', '97po', '98po', '109po']"
hang,['20po']
seeing,"['20po', '109po']"
right,"['20po', '58po', '65po', '104po', '109po']"
lesson,"['20po', '109po']"
learn,['20po']
plenty,"['20po', '21po', '109po']"
making,"['20po', '109po']"
cloth,"['21to', '21po', '22po', '109po']"
almost,"['21po', '60po', '61po', '109po']"
besides,"['21po', '58po']"
room,"['21po', '58po', '60po', '109po']"
foliage,['22po']
oil,"['22po', '108po']"
wondering,['22po']
winningly,['22po']
several,['22po']
kinds [kind],"['22po', '62po']"
oceans [ocean],['22po']
enthusiastic,['22po']
snips [snip],['22po']
shining,"['22po', '37po', '41po', '60po', '109po']"
cup,"['23to', '27po', '60po', '63po', '69po', '107po']"
saucer,"['23to', '23po']"
enthusiastically,['23po']
hurting,['23po']
clouded,['23po']
bud,['23po']
bite,"['23po', '65po']"
objects [object],['24to']
within,"['24po', '52po', '78po']"
joint,"['24po', '27po']"
alone,"['24po', '65po']"
equals [equal],['24po']
elbow,['24po']
filled,['24po']
squeezing,"['24po', '61po']"
glasses,"['25to', '41po', '61po']"
shaving,"['25po', '45po']"
saloon,['25po']
placed [place],"['25po', '54po', '67po', '109po']"
alley,['25po']
cutlet,['26to']
agitation,['26po']
manly,['26po']
uttermost,['26po']
water,"['27to', '27po', '30to', '30po', '59po', '60po', '61po', '109po']"
broken,['27po']
mended [mend],"['27po', '60po', '109po']"
mending,"['27po', '109po']"
culture,['27po']
element,['27po']
angels [angel],['27po']
orders [order],['27po']
choosing,"['27po', '53po']"
ministering [minister],['27po']
counting,"['27po', '60po', '109po']"
hair,"['27po', '109po']"
orderly,"['27po', '61po']"
balloon,"['27po', '53po']"
famously,['27po']
courteous,['28po']
readiness,['28po']
eyesight,['28po']
likeness,"['28po', '58po', '59po', '61po', '109po']"
stool,['28po']
drawing,['29to']
meaning,"['29po', '41po', '58po', '60po', '63po']"
entirely,"['29po', '58po']"
bitter,['29po']
tall,"['29po', '42po', '47po']"
broader [broad],['29po']
half,"['29po', '69po']"
raining [rain],['30to']
astonishing,"['30po', '59po', '109po']"
difficult,"['30po', '109po']"
meadow [meadow],"['30po', '58po']"
stroke,['30po']
cold,"['31to', '45po', '58po', '61po', '63po', '66po', '67po', '68po', '82po', '109po']"
climate,"['31to', '60po', '109po']"
sold,"['31po', '40po', '95po']"
strings,['31po']
lying,"['31po', '109po']"
malachite [crystal],['32to']
spoon,"['32po', '58po', '102po']"
wound,['32po']
decision,"['32po', '60po', '109po']"
coloring,"['33po', '62po', '109po']"
high,"['33po', '54po']"
front,['33po']
peace,['33po']
dot,['33po']
petticoat,['34to']
ink,"['34po', '56po']"
spot,"['34po', '51po']"
rosy,['34po']
star,"['35po', '109po']"
glide,"['35po', '60po']"
frantic,['35po']
sullenness,['35po']
financial,['35po']
grass,"['35po', '62po', '84po']"
greediness,['35po']
object,"['35po', '109po']"
wood,"['35po', '41po', '69po', '78po', '109po']"
hold,"['35po', '58po']"
pine,['35po']
rush,"['35po', '58po']"
bottom,"['35po', '60po', '105po']"
crystal,['35po']
remarkable,"['35po', '62po']"
woolen,['35po']
gilded,['35po']
country,['35po']
couple,['35po']
practices [practice],['35po']
eat,"['36to', '80po', '97po', '109po']"
pleasant,"['36po', '109po']"
simple,"['36po', '58po', '98po', '109po']"
habitual,['36po']
tyrannical,['36po']
educated,['36po']
resumed [resume],"['36po', '58po', '109po']"
articulate,['36po']
separation,"['36po', '58po', '60po', '61po', '109po']"
tardy,['36po']
tumbler,"['37to', '109po']"
indication,['37po']
consists [consist],['37po']
expected [expect],['37po']
bought,"['37po', '69po']"
six,"['37po', '109po']"
seven,['37po']
fire,['38to']
send,"['38po', '58po']"
letter,"['38po', '45po', '59po', '108po', '109po']"
sent,['38po']
handkerchief,['39to']
winning,"['39po', '99po']"
blessings,['39po']
sample,"['39po', '59po', '60po', '61po', '95po', '109po']"
worry,['39po']
roses [rose],['40to']
cool,"['40po', '60po', '91po', '97po']"
collapse,"['40po', '52po']"
hole,"['40po', '48po', '107po', '109po']"
less,"['40po', '48po', '68po', '71po', '94po', '108po', '109po']"
hot,"['40po', '77po', '106po']"
candy,"['41po', '46po']"
narrow,"['41po', '58po', '109po']"
footpath,['41po']
mounting,"['41po', '58po', '60po', '61po']"
calling,"['41po', '60po']"
bolster,['41po']
measured,"['41po', '109po']"
virgin,['41po']
judged [opinion],['41po']
curves [curve],['41po']
outlines [outline],['41po']
real,"['41po', '52po', '59po', '60po', '63po', '68po', '73po', '74po', '105po', '109po']"
seasons [season],['41po']
perfectly,['41po']
unprecedented,['41po']
old,"['41po', '54po', '58po', '61po', '62po', '65po', '68po', '82po', '95po', '97po', '103po']"
ladies,"['41po', '52po']"
mild,['41po']
colds [cold],"['41po', '63po']"
satin,"['41po', '58po']"
hats [hat],"['42to', '42po']"
curls [curl],"['42po', '59po']"
worn,"['42po', '52po']"
addition,['42po']
blank,['42po']
spaces [space],"['42po', '58po', '62po']"
lines [line],['42po']
broad,['42po']
stomachs [stomach],['42po']
least,"['42po', '97po']"
lightening,['42po']
big,"['42po', '109po']"
delay,['42po']
nurses [nurse],['42po']
women [woman],['42po']
nearly,"['42po', '45po', '48po', '50po', '51po', '54po', '60po', '63po', '67po', '68po', '69po', '71po']"
pearls [pearl],['42po']
ways,['42po']
custard,"['42po', '73to', '73po']"
trimmed [trim],['43po']
bug,['43po']
post,"['43po', '67po']"
leaning,"['43po', '45po', '58po']"
sorts [sort],['43po']
reserves [reserve],['43po']
volumes,['43po']
cohesive,['43po']
liquid,['44po']
relaxed,['44po']
yet,"['44po', '58po', '60po', '67po', '95po', '109po']"
news,"['44po', '83po']"
pressing,['44po']
called [call],"['45to', '45po', '66po']"
pauline [person],['45to']
shudders [shudder],['45po']
prints [print],['45po']
day,"['45po', '58po', '72po', '108po', '109po']"
watermelon,['45po']
pope,['45po']
pennies [penny],['45po']
dressing,"['45po', '106to', '107to', '109po']"
wide,"['45po', '80po', '83po', '109po']"
soles,['45po']
spats [spat],['45po']
spices,['45po']
lace,"['45po', '52po']"
boils [boil],['45po']
true,"['45po', '109po']"
gracious,"['45po', '58po']"
lean,"['45po', '77po']"
absurd,"['45po', '58po']"
leadish [lead],['45po']
tight,['45po']
head,"['45po', '54po', '109po']"
peaceful,['45po']
life,"['45po', '109po']"
arise,['45po']
noon,"['45po', '62po']"
moon,"['45po', '95po', '109po']"
sleeve,['45po']
blanket,"['45po', '58po', '72po']"
house,"['45po', '56po', '60po']"
window,"['45po', '109po']"
nearer [near],['45po']
fairy,['45po']
sea,['45po']
farther,['45po']
lime,['45po']
stitch,['45po']
ten,['45po']
count,"['45po', '62po', '66po']"
thicker [thick],['45po']
cow,"['45po', '58po', '61po']"
bidding,"['45po', '61po']"
widening [wide],"['45po', '61po', '94po']"
received,['45po']
treading,['45po']
leading,"['45po', '51po', '97po']"
mention,"['45po', '109po']"
cough,['45po']
leather,"['45po', '52po', '109po']"
please,"['45po', '53po', '54po', '58po', '66po', '70po', '71po', '72po', '106po', '107po', '109po']"
jam,['45po']
plus,['45po']
sit,"['45po', '109po']"
sound,"['46to', '58po', '65po', '109po']"
elephant,"['46po', '109po']"
beaten,['46po']
pops [pop],['46po']
chews [chew],['46po']
bolts [bolt],['46po']
rats [rat],['46po']
dear,['47po']
steadiness,['47po']
looking,"['47po', '109po']"
revision,['47po']
stand,"['47po', '109po']"
shake,"['47po', '66po']"
shoes [shoe],"['48to', '83po']"
wall,"['48po', '109po']"
damper,['48po']
stream,"['48po', '59po', '72po', '109po']"
pounding,['48po']
steady,"['48po', '60po', '65po', '98po', '109po']"
midnight,['48po']
pus,['48po']
shallow,"['48po', '109po']"
ale,['48po']
dog,"['49to', '54po', '61po']"
monkey,['49po']
goes,['49po']
donkey,['49po']
sighs [sigh],['49po']
leave,"['49po', '51to', '78po', '84po', '97po']"
hunter,"['50to', '50po']"
crazy,['50po']
tiny,"['51po', '67po']"
bare,['51po']
nice,"['51po', '54po', '61po', '95po', '109po']"
wrist,['51po']
eyes,"['52to', '109po']"
closing [close],['52po']
seats [seat],['52po']
needing,['52po']
blackening,['52po']
soldier,"['52po', '109po']"
sizes,['52po']
read,"['52po', '58po', '80po', '108po']"
shutting,['52po']
twentyfour [twenty],"['52po', '62po']"
go,"['52po', '88po', '94po', '105po', '107po']"
laugh,"['52po', '53po']"
rubbed,['52po']
purr,['52po']
get,['52po']
sales,['52po']
saddles [saddle],['52po']
mutton,"['52po', '59to', '59po']"
beautiful,"['52po', '109po']"
shawl,"['53to', '53po', '65po']"
sizer [size],['53po']
talks [talk],['53po']
wax,"['53po', '109po']"
build,"['53po', '104po', '109po']"
ticket,['53po']
steps,['53po']
hollows [hollow],['53po']
hollow,['53po']
belt,"['53po', '65po']"
bobble,['53po']
lip,['53po']
laid,"['53po', '61po']"
depot,['53po']
cultivator,['53po']
book,"['54to', '54po']"
stop,"['54po', '57po']"
cleaner,['54po']
wet,"['54po', '60po', '61po', '68po', '77po', '109po']"
directly,['54po']
back,"['54po', '72po', '85po', '109po']"
returned,['54po']
needless,"['54po', '95po']"
bank,['54po']
care,"['54po', '56po', '109po']"
man,"['54po', '97po', '109po']"
realistic,['54po']
expression,"['54po', '109po']"
resolute,['54po']
reliability,['54po']
suggests [suggest],"['54po', '109po']"
pleasing,"['54po', '109po']"
wavers [waver],['54po']
beside,"['54po', '58po', '61po', '71po', '101po']"
plain,"['54po', '58po', '60po', '109po']"
ear,"['54po', '95po']"
rings [ring],['54po']
breed,['54po']
oh,"['54po', '103po']"
pole,"['54po', '58po']"
next,"['54po', '61po', '95po', '108po']"
nearest,['54po']
pillar,['54po']
chest,"['54po', '95po']"
valuable,['54po']
papered,['54po']
match,['54po']
seam,['54po']
remark,['54po']
joins [join],['54po']
games [game],['54po']
sister,"['54po', '109po']"
sky,"['54po', '109po']"
peeled,['55to']
pencil,['55to']
choke,"['55to', '109po']"
rub,['55po']
coke,['55po']
took,['56to']
wheel,"['56po', '95po']"
bale,['56po']
excellent,"['56po', '58po', '95po', '109po']"
hull,['56po']
pea,"['56po', '97po', '98po']"
soup,"['56po', '59po', '60po', '82po', '95po', '105po']"
bill,['56po']
precise,['56po']
past,['56po']
pearl,['56po']
goat,['56po']
aider [aide],"['57to', '57po']"
whow [wow],['57po']
touch,"['57po', '58po']"
muncher [munch],['57po']
munchers [munch],['57po']
jack,['57po']
kill,['57po']
meadowed [meadow],['57po']
king,['57po']
roastbeef [beef],['58to']
sleeping,"['58po', '109po']"
outside,['58po']
reddening,['58po']
resting,['58po']
recurrence,['58po']
mistaken,['58po']
pinching,['58po']
standards [standard],['58po']
steamers [steamer],['58po']
curtains [curtain],['58po']
linen,"['58po', '109po']"
discrimination,"['58po', '109po']"
circling,['58po']
sand,"['58po', '69po']"
thinner,['58po']
station,['58po']
enlarge,['58po']
hurry,"['58po', '84po']"
resumption [resume],['58po']
beefsteak,"['58po', '103po', '106po', '109po']"
obstruction,['58po']
easy,"['58po', '61po', '95po']"
entangled,['58po']
thickness,['58po']
cutting,"['58po', '59po', '91po', '109po']"
useful,['58po']
tears [tear],"['58po', '60po', '109po']"
exudation [exude],['58po']
cumbersome,['58po']
memory,"['58po', '69po', '109po']"
reÃ«stablishment [reestablish],['58po']
escape,"['58po', '109po']"
exception,['58po']
division,"['58po', '60po', '109po']"
dividing,"['58po', '109po']"
suggestion,"['58po', '59po', '109po']"
silence,"['58po', '59po', '60po', '62po', '109po']"
languid [lethargic],['58po']
oftener [often],['58po']
tender,"['58po', '59po', '61po', '63po', '109po']"
changing [change],"['58po', '109po']"
external,['58po']
central,['58po']
surrounded,['58po']
succor [aid],['58po']
considering,['58po']
circumstances,['58po']
reduction,"['58po', '109po']"
pealing [ringing],['58po']
outrage,"['58po', '59po']"
reparation,['58po']
particle,['58po']
sodden [sopping],['58po']
deliberation,['58po']
turn,"['58po', '60po', '109po']"
tending,['58po']
settle,['58po']
distinguish,['58po']
specialties [specialty],['58po']
understood,['58po']
education,"['58po', '109po']"
turning,['58po']
control,['58po']
period,"['58po', '61po']"
alteration,['58po']
pigeons [pigeon],['58po']
cuts [cut],"['58po', '69po']"
thick,['58po']
thin,"['58po', '109po']"
ham,"['58po', '66po', '69po', '97po']"
colors,['58po']
suggest,"['58po', '109po']"
crust,['58po']
principal,"['58po', '59po', '82po']"
taste,"['58po', '109po']"
overtaking [overtake],['58po']
precious,['58po']
clearly,['58po']
exercise,"['58po', '109po']"
social,['58po']
obtrusive,['58po']
desertion,"['58po', '109po']"
reduced,['58po']
description,"['58po', '109po']"
birthday,"['58po', '109po']"
lovely,['58po']
snipe,['58po']
vapor,['58po']
butter,"['58po', '60po', '75po', '78to', '78po', '80po', '85po', '105po', '106po', '109po']"
splinter,['58po']
trunk,['58po']
poisonous,['58po']
darkening,"['58po', '109po']"
drunk,['58po']
weak,"['58po', '109po']"
joyful,['58po']
tenderness,['58po']
section,"['58po', '100po', '109po']"
tea,"['58po', '61po']"
stouter [stout],['58po']
symmetry,['58po']
stern,"['58po', '109po']"
remains,"['58po', '81po', '109po']"
praying,['58po']
region,['58po']
measuring,['58po']
melting,"['58po', '59po']"
rectangular,['58po']
eruption,['58po']
assiduous [meticulous],['58po']
revered,['58po']
comb,['58po']
chickens [chicken],['58po']
feathers [feather],['58po']
ripe,"['58po', '60po', '66po']"
sets [set],"['58po', '61po']"
second,"['58po', '61po', '107po']"
save,['58po']
heat,"['58po', '97po']"
distemper,['58po']
smell,"['58po', '59po']"
teeth,"['58po', '61po', '109po']"
toast,['58po']
respect,"['58po', '60po']"
mutual,['58po']
uneven,['58po']
tolerable,['58po']
resemble,['58po']
whistles [whistle],['58po']
narrower,['58po']
stay,['58po']
everywhere,['58po']
felt,['58po']
denial,"['58po', '109po']"
clatter,['58po']
good,['58po']
saturday,['58po']
sunday,"['58po', '109po']"
week,['58po']
regulation,"['58po', '60po', '109po']"
active,"['58po', '109po']"
thirstiness,['58po']
equal,['58po']
anyway,"['58po', '109po']"
older,['58po']
ageder [older],['58po']
surfeit [abundance],['58po']
suction,['58po']
dated [outdated],['58po']
careful,"['58po', '109po']"
ancient,"['58po', '109po']"
lambs [lamb],['58po']
goats [goat],['58po']
young,['58po']
colts [colt],['58po']
beef,['58po']
age,"['58po', '62po', '70po', '109po']"
pigeon,['58po']
looseness,['58po']
kitchen,['58po']
bigger,"['58po', '109po']"
choices [choice],['58po']
bone,"['58po', '59po']"
bones [bone],"['58po', '59po']"
consuming,['58po']
feel,"['58po', '102po', '106po']"
separating,"['58po', '109po']"
space,"['58po', '59po', '62po', '109po']"
gates [gate],['58po']
spoons [spoon],"['58po', '95po', '109po']"
doors [door],"['58po', '109po']"
tables,"['58po', '109po']"
daintiness,['58po']
determination,['58po']
dates [date],['58po']
tin,"['58po', '72po', '109po']"
stove,"['58po', '109po']"
neither,"['58po', '103po']"
stretcher,['58po']
outlasting [outlast],['58po']
roasting,['58po']
spoonful,['58po']
full,"['58po', '69po']"
spilling [spill],['58po']
claiming [claim],['58po']
claim,['58po']
collecting [collect],['58po']
harmony,"['58po', '109po']"
succession,"['58po', '60po', '89po', '98po']"
graciously,['58po']
sincere,"['58po', '59po']"
eloping [elope],['58po']
furnace,"['58po', '61po']"
quantity,['58po']
searching,"['58po', '69po']"
compliments [compliment],['58po']
wailing [wail],['58po']
carved [carve],['58po']
clear,"['58po', '82po', '105po', '109po']"
consideration,"['58po', '109po']"
sale,['58po']
greatness,['58po']
stall,['58po']
collection,"['58po', '61po', '109po']"
trick,['58po']
mountainous,['58po']
blood,['58po']
bargaining,['58po']
liberty,['58po']
estrangement,['58po']
characteristic,['58po']
turkey,['58po']
spice,"['58po', '109po']"
name,"['58po', '109po']"
sink,['58po']
standard,['58po']
rising,['58po']
raise,['58po']
resonance,['58po']
accounted [account],['58po']
collar,['58po']
bury,['58po']
chicken,"['58po', '60po', '86to', '86po', '87to', '88to', '89to', '89po']"
surround,"['58po', '109po']"
garland,['58po']
bake,"['58po', '66po']"
repose,['58po']
simply,['58po']
surrender,['58po']
another,"['58po', '60po', '72po', '95po', '109po']"
succeed,"['58po', '60po']"
saving,"['58po', '109po']"
satisfy,"['58po', '109po']"
singularity,"['58po', '109po']"
blinder,['58po']
redder [red],['58po']
sort,"['58po', '71po']"
remain,"['58po', '97po']"
surprise,"['58po', '109po']"
sinner,['58po']
sweeter [sweet],['58po']
continue,['58po']
recreation,['58po']
dimmer,"['58po', '109po']"
cloudiness,['58po']
roll,['58po']
jerking [jerk],['58po']
freshness,['58po']
withdrawn,['58po']
service,"['58po', '109po']"
chinking [clinking],['58po']
sadder [sad],['58po']
salad,"['58po', '99to', '106to', '107to']"
gloom,['58po']
freer [free],"['58po', '109po']"
error,['58po']
pressure,['58po']
opposition,['58po']
recital,['58po']
organ,['58po']
strengthen,['58po']
valor,['58po']
soothes [soothe],['58po']
transfer,['58po']
clouds [cloud],['58po']
tracks [track],['58po']
neglected [neglect],"['58po', '60po', '61po', '69po']"
pride,['58po']
pretence,['58po']
sentence,['58po']
vagueness,['58po']
violence,['58po']
authority,"['58po', '60po', '109po']"
mission,['58po']
stumbling,['58po']
also,"['58po', '109po']"
prison,['58po']
calmness,['58po']
terror,['58po']
coagulation,['58po']
prudence,['58po']
colder,['58po']
spring,['58po']
sun,"['58po', '95po', '109po']"
stain,['58po']
lilacs [lilac],['58po']
disturbed,['58po']
prized,['58po']
composed,['58po']
pure,"['58po', '81po']"
juice,"['58po', '60po']"
baking,['58po']
exhibition,['58po']
nonchalance,['58po']
sacrifice,"['58po', '109po']"
horticulture,['58po']
murmur,['58po']
superposition [superimposition],['58po']
circumstance,"['58po', '59po', '109po']"
hardness,['58po']
remainder,['58po']
delight,['58po']
mathematics,['58po']
wither,['59po']
suffer,['59po']
simultaneous,['59po']
student,"['59po', '109po']"
students [student],['59po']
merciful,['59po']
recognised [recognize],"['59po', '109po']"
chew,['59po']
hate,['59po']
rests [rest],"['59po', '109po']"
sparse,['59po']
largely,['59po']
interleaved [interweave],['59po']
successive,['59po']
certainty,"['59po', '109po']"
curliness,['59po']
subject,['59po']
denting [dent],['59po']
hurriedly,['59po']
express,"['59po', '95po']"
expresses [express],['59po']
nausea,"['59po', '109po']"
specimen,['59po']
parts [part],['59po']
minding,['59po']
safety,['59po']
powder,"['59po', '109po']"
recollection,"['59po', '72po']"
solitude,"['59po', '60po', '109po']"
shunning [shun],['59po']
thorough,['59po']
unrepeated,['59po']
solitary,"['59po', '60po']"
quiet,"['59po', '61po', '109po']"
shiny,"['59po', '109po']"
sectional,['59po']
onion [onion],['59po']
rhubarb,"['59po', '70to', '70po']"
tomato,['59po']
seeding [seed],"['59po', '73po']"
mud,['59po']
either,['59po']
stockings,['59po']
receptacle,"['59po', '85po']"
symbol,"['59po', '109po']"
monster,"['59po', '61po', '109po']"
asked [ask],"['59po', '109po']"
warmer,['59po']
gliding,"['59po', '109po']"
ceiling,['59po']
dainty,"['59po', '60po']"
prices [price],['59po']
lamentable,['59po']
undertaker,['59po']
youth,"['59po', '109po']"
cherries [cherry],['59po']
vanity,['59po']
due,['59po']
burst,"['59po', '95po', '97po']"
music,"['59po', '69po', '109po']"
temptation,['59po']
exclamation,['59po']
misdeeds [misdeed],['59po']
vary,['59po']
outstanding,"['59po', '61po']"
character,['59po']
churned [churn],['59po']
cherished [cherish],['59po']
mouse,['59po']
mountain,"['59po', '61po', '68po', '109po']"
quiver,['59po']
quaint,['59po']
statue,['59po']
pain,"['59po', '105po']"
exterior,"['59po', '60po']"
louder [loud],['59po']
salmon,"['59po', '60po', '101to']"
mischief,['59po']
intender [intend],['59po']
salve,['59po']
liquor,['59po']
specially,['59po']
retained [retain],"['59po', '109po']"
rinsing,['59po']
cork,['59po']
blazing,['59po']
influences [influence],['59po']
restrains [restrain],['59po']
spoken,['59po']
meal,"['59po', '84po']"
lamb,['59po']
lecture,"['59po', '109po']"
repeat,['59po']
instruction,['59po']
breakfast,"['60to', '60po']"
includes [include],['60po']
potatoes [potato],"['60po', '74to', '74po', '75to', '76to', '76po', '84po']"
abuse,['60po']
cheese,"['60po', '67po', '75po', '109po']"
language,['60po']
instruct,['60po']
fellow,['60po']
dispute,['60po']
slice,"['60po', '61po']"
changes [change],"['60po', '109po']"
suddenly,['60po']
imitation,['60po']
imitations [imitation],['60po']
decent,['60po']
cook,"['60po', '109po']"
singularly,['60po']
still,"['60po', '109po']"
shelter,['60po']
clamor,['60po']
loving,['60po']
tongue,['60po']
pepper,['60po']
fish,"['60po', '71to', '71po', '109po']"
early,['60po']
pleasanter [pleasant],['60po']
teacups [teacup],['60po']
mushes [mush],['60po']
stomachers [stomach],['60po']
eating,"['60po', '97to', '97po', '98to', '109po']"
hopes [hope],['60po']
eggs [egg],"['60po', '65to']"
delicious,['60po']
drink,['60po']
stir,"['60po', '69po', '102po']"
egg,"['60po', '63po', '95po', '102po']"
melon,['60po']
eaten,"['60po', '95po']"
beer,['60po']
cocoanut [coconut],"['60po', '69po']"
famous,['60po']
baker,['60po']
vacation,"['60po', '109po']"
especial [especially],['60po']
capital,['60po']
drawer,"['60po', '109po']"
price,"['60po', '109po']"
praise,['60po']
leisure,['60po']
persecution,['60po']
outrageous,"['60po', '109po']"
solemn,"['60po', '61po', '80po']"
persuasion,['60po']
silent,"['60po', '109po']"
pocketful,['60po']
heating,['60po']
pliable,['60po']
surrendering [surrender],['60po']
ingenious,['60po']
breeze,['60po']
jar,['60po']
anticipation,['60po']
rack,['60po']
gurgle,['60po']
original,"['60po', '109po']"
tray,"['60po', '109po']"
talking,['60po']
gently,['60po']
bent,"['60po', '69po', '109po']"
declare,['60po']
slight,"['60po', '61po']"
retraction,['60po']
suspect,['60po']
buttered,['60po']
alter,['60po']
stick,"['60po', '69po', '89po']"
article,['60po']
exceptional,['60po']
annoyance,['60po']
intended,['60po']
roast,"['60po', '76to', '76po']"
disappointed,['60po']
crusts [crust],['60po']
instead,['60po']
remedy,"['60po', '61po']"
lightly,['60po']
urging,['60po']
intently,['60po']
leniently,['60po']
beware,['60po']
lake,"['60po', '109po']"
larder [pantry],['60po']
burden,['60po']
cracked,['60po']
soaking,['60po']
sack,"['60po', '109po']"
heavily,['60po']
institution,['60po']
fright,['60po']
mat,['60po']
work,"['60po', '63po', '66po']"
winding,['60po']
cloaking,['60po']
relaxing,['60po']
rescue,['60po']
dusting,['60po']
dirtying [dirty],['60po']
smelling,['60po']
extraordinarily,['60po']
winsome [charming],['60po']
widened [widen],['60po']
dipped,['60po']
determined,['60po']
reunion,['60po']
outline,"['60po', '109po']"
piercing,['60po']
shutter,['60po']
shouter,['60po']
weather,"['60po', '77po', '109po']"
withered,['60po']
excuse,"['60po', '63po']"
dreariness,['60po']
excitement,"['60po', '109po']"
crumbling [crumble],['60po']
martial,['60po']
intentional,['60po']
unstrangeness [familiarity],['60po']
riding,['60po']
caused [cause],['60po']
minister,['60po']
knife,['60po']
near,"['60po', '71po', '97po']"
cage,['60po']
timely,['60po']
working,['60po']
cat,"['60po', '109po']"
scissors,"['60po', '107po']"
temporarily,['60po']
arrange,['60po']
explanation,['60po']
stationary,"['60po', '109po']"
luck,"['61po', '68po']"
lard,['61po']
money,['61po']
mind,"['61po', '109po']"
exact,"['61po', '109po']"
mouth,['61po']
rises [rise],['61po']
awfulness,['61po']
shady,['61po']
precisely,['61po']
peck,['61po']
privately,['61po']
overseen,['61po']
crestfallen,['61po']
chaining [chain],['61po']
evenly,['61po']
surpassing,['61po']
tightly,['61po']
worsted [woolen],['61po']
sauce,"['61po', '100to', '100po']"
kept,['61po']
sectionally [sectional],['61po']
stew,['61po']
shame,"['61po', '65po', '72po', '98po', '109po']"
teasing,['61po']
trying,['61po']
thoughtful,['61po']
sprinkling,['61po']
puzzle,['61po']
choking,['61po']
tuesday,['61po']
crossing,['61po']
blisters [blister],"['61po', '63po', '109po']"
staggering,['61po']
blindly,['61po']
nine,['61po']
five,"['61po', '109po']"
blaze,['61po']
tune,"['61po', '109po']"
gas,['61po']
jet,['61po']
uglier [ugly],['61po']
pierce,['61po']
negligence,"['61po', '109po']"
pay,"['61po', '97po']"
pet,"['61po', '66po', '69po']"
signal,['61po']
poison,"['61po', '80po']"
lack,"['61po', '105po']"
languor [lethargy],['61po']
hurts [hurt],['61po']
ease,['61po']
bird,"['61po', '87po']"
mine,['61po']
orange,"['61po', '102to', '102po', '103to', '105to']"
cuddling [cuddle],['61po']
continuing [continue],['61po']
separate,"['61po', '109po']"
rushing,['61po']
delicacy,"['61po', '109po']"
canoe,['61po']
accepted,['61po']
absent,['61po']
cranberries [cranberry],['62to']
date,['62po']
pensions [pension],['62po']
witness,['62po']
murder,['62po']
flies [fly],['62po']
basting,['62po']
undip [raise],['62po']
chart,['62po']
untidy,['62po']
smelled,['62po']
stolen,"['62po', '63po']"
degree,['62po']
climbing,['62po']
soiling,['62po']
steadying,['62po']
jelly,['62po']
suffering,"['62po', '109po']"
succeeded [succeed],['62po']
moist,['62po']
countering [counter],['62po']
milk,"['63to', '64to', '109po']"
pan,['63po']
cabbage,['63po']
nose,"['63po', '109po']"
goods,['63po']
cooking,"['63po', '85to', '109po']"
pint,['63po']
bad,['63po']
holders [holder],['63po']
bitten,['63po']
guessing,['63po']
golfing,['63po']
utter,"['64po', '69po']"
needles,"['64po', '72po']"
guess,"['64po', '109po']"
height,"['65po', '109po']"
stomach,['65po']
mill,['65po']
handkerchiefs [handkerchief],['65po']
dots [dot],['65po']
procured [procure],['65po']
relieved,['65po']
cows [cow],['65po']
paved [pave],['65po']
harm,"['65po', '109po']"
boat,['65po']
dash,['65po']
apple,"['66to', '66po', '95po', '109po']"
plum,['66po']
carpet,"['66po', '90po', '109po']"
steak,['66po']
seed,['66po']
clam,['66po']
wine,"['66po', '72po']"
cream,"['66po', '92to', '93to', '93po', '109po']"
potato,"['66po', '88po']"
gold,['66po']
bready [bread],['66po']
presupposed,['66po']
ready,"['66po', '109po']"
eucalyptus,['66po']
tree,"['66po', '92po', '109po']"
sherry,['66po']
tails [tail],['67to']
pails [pail],['67po']
meadows,"['67po', '69po']"
lapse,['67po']
cuddles [cuddle],['67po']
bats,['67po']
went,"['67po', '72po']"
messed [mess],['67po']
loose,"['67po', '68po']"
sprain,['67po']
lunch,"['68to', '68po']"
plaster,['68po']
holy,['68po']
gauge,['68po']
states [state],['68po']
town,"['68po', '72po']"
kite,['68po']
skate,['68po']
slimy,['68po']
west,"['68po', '90po', '96po']"
end,"['68po', '79to', '109po']"
beneath,['68po']
flake,['68po']
explain,['68po']
hen,['68po']
nervous,"['68po', '84po']"
towel,['68po']
spool,['68po']
beads [bead],['68po']
mostly,"['68po', '81po']"
sole,"['68po', '92po']"
shaved,['68po']
bees,['68po']
bunch,"['68po', '70po']"
likes [like],['68po']
hearts,['68po']
onions,['68po']
aim,['68po']
corn,['68po']
mass,"['68po', '97po']"
gem,['68po']
cups [cup],"['69to', '69po']"
excellence,"['69po', '109po']"
meat,"['69po', '85po']"
surging,['69po']
might,['69po']
mental,['69po']
grand,"['69po', '97po']"
clothes,"['69po', '105po']"
candle,['69po']
wheatly [wheat],['69po']
owl,['69po']
path,['69po']
proud,['69po']
handle,['69po']
blessing,['69po']
wild,"['69po', '70po']"
polite,['69po']
crane,['69po']
hoary [gray],['69po']
slam,['69po']
freeze,['69po']
behave,['69po']
readily,['69po']
shaded,['69po']
sense,['69po']
musical,['69po']
peanuts,['69po']
blame,['69po']
holey,['69po']
susan [person],['70po']
toys [toy],['70po']
laughable,['70po']
fold,['70po']
eggplant,['71po']
win,['71po']
noisy,['71po']
saddle,['71po']
ploughing [plough],['71po']
painted,['71po']
play,"['71po', '92po', '109po']"
puff,['71po']
oakly [oak],['71po']
prune,['71po']
cast,['72po']
today,['72po']
experiment,['72po']
came,"['72po', '109po']"
bore,['72po']
mussed [rumple],['72po']
ash,['72po']
meant,"['72po', '109po']"
sought,['72po']
display,['72po']
caution,['72po']
cause,['72po']
foolish,['72po']
stretch,"['72po', '78po', '109po']"
cloud,"['72po', '109po']"
bakery,['72po']
tease,['72po']
beginning,"['72po', '109po']"
met,['72po']
leaf,"['72po', '80po', '85po', '107po']"
upon,['72po']
scene,"['72po', '109po']"
ocean,"['72po', '109po']"
bland,['72po']
land,"['72po', '95po', '97po']"
aches [ache],['73po']
narrowly,['73po']
hill,"['73po', '109po']"
mellow,['73po']
lakes [lake],['73po']
crackers,['75po']
asparagus,"['77to', '77po', '109po']"
art,['77po']
boom,['78po']
grain,"['78po', '109po']"
spy,['78po']
rubber,['78po']
swelled,['78po']
supply,['78po']
keep,['78po']
estrange,['78po']
pit,['78po']
eyelets [eyelet],['79po']
hammer,['79po']
check,['79po']
lounge,['79po']
wit,['79po']
rested [rest],['79po']
development,['79po']
sausages [sausage],"['80to', '80po']"
loaf,['80po']
managed [manage],['80po']
wake,['80po']
instant,['80po']
decline,['80po']
toe,['80po']
extractor,['80po']
evil,['80po']
breast,['80po']
celery,"['81to', '81po']"
tastes [taste],['81po']
curled,['81po']
lashes [lash],['81po']
bits [bit],['81po']
acre,"['81po', '106po']"
selfish,['81po']
enlivened [liven],['81po']
veal,['82to']
cress [watercress],"['83po', '88po']"
crescent,['83po']
cross,['83po']
unequal,['83po']
scream,['83po']
upslanting [slanting],['83po']
radiant,['83po']
ins [in],['83po']
capable,['83po']
glees [glee],['83po']
belike [like],['83po']
pump,['83po']
chalk,['83po']
combing,['83po']
lay,"['84to', '95po']"
mow,['84po']
skip,['84po']
flutter,['84po']
ex,['84po']
charlotte,['84po']
rows [row],['84po']
sam [person],"['84po', '100po']"
alas,"['85po', '87po', '88po']"
pull,['85po']
bell,"['85po', '95po', '109po']"
coach,['85po']
mussle [muscle],['85po']
soda,['85po']
pheasant,['86po']
peculiar,"['86po', '101po']"
third,"['86po', '87po']"
word,['87po']
3 [three],['88to']
doubt,"['88po', '109po']"
loaves [loaf],['88po']
4 [four],['89to']
call,"['89po', '109po']"
sticking,['89po']
chainboats [boat],"['90to', '90po']"
merry,['90po']
blew [blow],['90po']
pastry,['91to']
spades,['91po']
beds [bed],['91po']
violet,['91po']
plank,['92po']
heated [heat],['92po']
shut,['92po']
specs,['92po']
salt,['92po']
eddy [swirl],['92po']
crumb,['93po']
hop,['93po']
chambers [chamber],['93po']
cucumber,['94to']
razor,['94po']
ridiculous,['94po']
pudding,['94po']
relet [let],['94po']
selecting [select],['94po']
fit,['95po']
sat,"['95po', '102po']"
mentally,['95po']
us,"['95po', '97po']"
chess,['95po']
sell,['95po']
cocups,['95po']
nuts [nut],['95po']
look,['95po']
bout,['95po']
shoulder,['95po']
herds [herd],['95po']
acres [acre],['95po']
shot,['95po']
niggers [nigger],['95po']
butterflies [butterfly],['95po']
fled,['95po']
shall,['95po']
yes,['95po']
add,['95po']
e,['95po']
c,['95po']
chat,['95po']
churner [churn],['95po']
edible,['95po']
dining,"['96to', '96po']"
ting,['97po']
said,['97po']
roof,"['97po', '109po']"
soluble,['97po']
ring,"['97po', '109po']"
bewildered,['97po']
neck,['97po']
bay,"['97po', '100po']"
eel,['97po']
cooler,['97po']
cost,['97po']
stretches [stretch],['97po']
owls [owl],['97po']
pie,['97po']
bolsters [bolster],['97po']
leap,['97po']
beat,['97po']
willie,['97po']
oxen,['97po']
purred [purr],['97po']
square,['97po']
bundle,['97po']
grip,['97po']
draught,['97po']
draw,['97po']
cider,['97po']
low,"['97po', '109po']"
george [person],['97po']
stare,['98po']
relieve,['98po']
elevation,['98po']
garden,['98po']
belows [below],['98po']
pour,['98po']
election,['98po']
labored,['100po']
bin,['101po']
fond,['101po']
tick,['102po']
loosen,['102po']
speak,['102po']
leaker,['102po']
licker,['102po']
type,['103po']
knealer,['103po']
oranges [orange],"['104to', '105po']"
cocoa,['105po']
oatmeal,['105po']
whist [quiet],['105po']
close,['105po']
woodling [wood],['105po']
excreate,['105po']
since,['105po']
artichoke,"['106to', '107to']"
pale,"['106po', '109po']"
stranger,"['106po', '109po']"
faces [face],['106po']
carriage,['107po']
icecream,['107po']
bended,['107po']
sum,['108po']
cod,['108po']
liver,['108po']
tunny [fish],['108po']
pressed [press],['108po']
secret,"['108po', '109po']"
bestow,['108po']
reed,['108po']
folder,['108po']
waiter,['108po']
foldersome [folder],['108po']
rooms,"['109to', '109po']"
act,['109po']
given,['109po']
ones [one],['109po']
preparing [prepare],['109po']
occupation,['109po']
voice,['109po']
offering,['109po']
rental,['109po']
fast,['109po']
hew [cut],['109po']
adopt,['109po']
begin,['109po']
placing [place],['109po']
done,['109po']
accomplishing [accomplish],['109po']
respected [respect],['109po']
matter,['109po']
condensed,['109po']
ends [end],['109po']
heap,['109po']
burnt,['109po']
lifting,['109po']
temporary,['109po']
instance,['109po']
truth,['109po']
disturbance,['109po']
trusting,['109po']
bakers [baker],['109po']
boy,['109po']
exchanging [exchange],['109po']
door,['109po']
distribution,['109po']
contradiction,['109po']
naturally,['109po']
sides,['109po']
author,['109po']
entering,['109po']
explaining,['109po']
expecting [expect],['109po']
relating [relate],['109po']
audience,['109po']
opening,['109po']
assumed,['109po']
kneeling,['109po']
force,['109po']
bestowed [bestow],['109po']
floor,['109po']
press,['109po']
air,['109po']
disappearance,['109po']
lingering,['109po']
lion,['109po']
chinese [china],['109po']
blotter,['109po']
similar,['109po']
trouble,['109po']
whiteness,['109po']
thought,['109po']
page,['109po']
corner,['109po']
greater,['109po']
higher,['109po']
erection,['109po']
stands [stand],['109po']
feeds [feed],['109po']
silences [silence],['109po']
swelling,['109po']
diversion,['109po']
exaltation,['109po']
covered,['109po']
permission,['109po']
enclosure,['109po']
blends [blend],['109po']
blending,['109po']
blend,['109po']
holds [hold],['109po']
mice,['109po']
vision,['109po']
replaced [replace],['109po']
stored [store],['109po']
possible,['109po']
mister,['109po']
conclusion,['109po']
replacing [replace],['109po']
casual,['109po']
acquaintance,['109po']
daughter,['109po']
son,['109po']
happened [happen],['109po']
growth,['109po']
formerly,['109po']
waiting,['109po']
intending,['109po']
departing [depart],['109po']
entrance,['109po']
alike,['109po']
smaller,['109po']
littler [little],['109po']
hinder,['109po']
essential,['109po']
passage,['109po']
reception,['109po']
wonder,['109po']
added,['109po']
monday,['109po']
speech,['109po']
snail,['109po']
chinamen [man],['109po']
confusing,['109po']
confuses [confuse],['109po']
triumphant,['109po']
startling,['109po']
starving,['109po']
husband,['109po']
disagreeable,['109po']
hidden,['109po']
organised [organize],['109po']
worried,['109po']
betrothed,['109po']
consider,['109po']
startled [startle],['109po']
bloated,['109po']
rarer [rare],['109po']
frequently,['109po']
brushing,['109po']
eyeglasses,['109po']
rotten,['109po']
useless,['109po']
dimness,['109po']
along,['109po']
tendency,['109po']
deplore,['109po']
absence,['109po']
burning,['109po']
stupefication [stupefied],['109po']
earning,['109po']
living,['109po']
indicated [indicate],['109po']
motion,['109po']
enthralled [enthrall],['109po']
sullen,['109po']
refusal,['109po']
lower,['109po']
upper,['109po']
feat,['109po']
discharge,['109po']
comparing [compare],['109po']
holding,['109po']
repeated,['109po']
interruption,['109po']
changed [change],['109po']
position,['109po']
consumed [consume],['109po']
admitted,['109po']
stars [star],['109po']
failing,['109po']
indifferent,['109po']
connecting [connect],['109po']
determine,['109po']
rejoining [rejoin],['109po']
letters,['109po']
commensurate,['109po']
hangings [hanging],['109po']
receiving [receive],['109po']
disaster,['109po']
shower,['109po']
damp,['109po']
mirror,['109po']
manikin [mannequin],['109po']
movement,['109po']
disorder,['109po']
directs [direct],['109po']
coats [coat],['109po']
differ,['109po']
union,['109po']
horse,['109po']
sunshine,['109po']
disturber,['109po']
miserable,['109po']
descender [descend],['109po']
containing [contain],['109po']
curtain,['109po']
sentimental,['109po']
usage,['109po']
symmetrical,['109po']
steel,['109po']
construction,['109po']
tidiness,['109po']
destroy,['109po']
lost,['109po']
signed [sign],['109po']
fitted,['109po']
moving,['109po']
plentiful,['109po']
package,['109po']
rain,['109po']
filter,['109po']
funnel,['109po']
arises [arise],['109po']
curly,['109po']
suddenness,['109po']
commences [commence],['109po']
delusion,['109po']
cape,['109po']
establishing [establish],['109po']
disposition,['109po']
mentioning [mention],['109po']
temperature,['109po']
lives [life],['109po']
paler,['109po']
connection,['109po']
adjustment,['109po']
attention,['109po']
gamboling [frolic],['109po']
dull,['109po']
stable,['109po']
sensible,['109po']
resistance,['109po']
poster,['109po']
suggester [suggest],['109po']
closer,['109po']
diminisher [diminish],['109po']
bather [bathe],['109po']
scraper,['109po']
ringer,['109po']
duster,['109po']
scissor,['109po']
south,['109po']
conundrum,['109po']
springs [spring],['109po']
restless,['109po']
arrangeable [arrange],['109po']
releasing [release],['109po']
oldest [old],['109po']
auction,['109po']
renewing [renew],['109po']
seduction,['109po']
penetrated [penetrate],['109po']
target,['109po']
cleaned [clean],['109po']
refuse,['109po']
slowly,['109po']
lessening,['109po']
eclipse,['109po']
resenting [resent],['109po']
removal,['109po']
breadth,['109po']
shadowed,['109po']
paintaking [pain],['109po']
shorter,['109po']
distaste,['109po']
plums [plum],['109po']
gallons [gallon],['109po']
defiance,['109po']
piling,['109po']
daylight,['109po']
tribune,['109po']
lengthening [lengthen],['109po']
spent,['109po']
sleep,['109po']
walking,['109po']
alleviation,['109po']
astonishes [astonish],['109po']
everybody,['109po']
sprightly [vivacious],['109po']
days,['109po']
passed [pass],['109po']
uselessly,['109po']
wasted,['109po']
cellar,['109po']
alright,['109po']
vacancies [vacancy],['109po']
wholesale,['109po']
diminishes [diminish],['109po']
ample,['109po']
varnish,['109po']
tack,['109po']
barometer,['109po']
distinguishing,['109po']
store,['109po']
smile,['109po']
committees [committee],['109po']
often,['109po']
squares [square],['109po']
blotters [blotter],['109po']
agreeable,['109po']
hear,['109po']
signs [sign],['109po']
cadences [cadence],['109po']
curved,['109po']
sober,['109po']
accounts [account],['109po']
righteous,['109po']
stairway,['109po']
rigid,['109po']
equator,['109po']
evasion,['109po']
visible,['109po']
relief,['109po']
constipation,['109po']
face,['109po']
starlight,['109po']
trees [tree],['109po']
hint,['109po']
causes [cause],['109po']
folding,['109po']
tied,['109po']
hearing,['109po']
entire,['109po']
preoccupation,['109po']
fastened [fasten],['109po']
discloses [disclose],['109po']
mourning,['109po']
sparrows [sparrow],['109po']
elocution [enunciation],['109po']
ears [ear],['109po']
southern,['109po']
bright,['109po']
supper,['109po']
elastic,['109po']
furnished,['109po']
fifteen,['109po']
years [year],['109po']
regret,['109po']
lights [light],['109po']
ponderous,['109po']
incalculable,['109po']
currents [current],['109po']
first,['109po']
mastered [master],['109po']
quarreling,['109po']
insistence,['109po']
marked,['109po']
habitable,['109po']
religion,['109po']
quintal [weight],['109po']
relying [rely],['109po']
indecision,['109po']
creature,['109po']
syllable,['109po']
quarrel,['109po']
scientific,['109po']
statement,['109po']
earned [earn],['109po']
administration,['109po']
sisters [sister],['109po']
spelling,['109po']
quaintness,['109po']
centred [centered],['109po']
placard,['109po']
vacant,['109po']
disturbing,['109po']
virtue,['109po']
politeness,['109po']
ordeal,['109po']
tablecloth,['109po']
obligingness [obliging],['109po']
leads [lead],['109po']
hesitation,['109po']
pond,['109po']
ant,['109po']
canister,['109po']
lookingglass [mirror],['109po']
bedroom,['109po']
larger [large],['109po']
shouted [shout],['109po']
copied,['109po']
yards [yard],['109po']
sin,['109po']
gathered [gather],['109po']
mercenary,['109po']
settles [settle],['109po']
whitening,['109po']
serving,['109po']
dishes [dish],['109po']
metal,['109po']
expressed,['109po']
flowered,['109po']
writing,['109po']
slanting,['109po']
recitation,['109po']
emigration,['109po']
shoals [shallow],['109po']
anger,['109po']
lover,['109po']
sermon,['109po']
distractor,['109po']
victory,['109po']
pen,['109po']
turtle,['109po']
experience,['109po']
anxious,['109po']
charity,['109po']
stubble,['109po']
urgent,['109po']
legality,['109po']
sickened [sick],['109po']
purchased [purchase],['109po']
golden,['109po']
clergyman,['109po']
tax,['109po']
currency,['109po']
inner,['109po']
chamber,['109po']
checking [check],['109po']
smiling,['109po']
satisfactory,['109po']
hands [hand],['109po']
mildly,['109po']
correction,['109po']
serenity,['109po']
detail,['109po']
measles,['109po']
bridge,['109po']
location,['109po']
thunder,['109po']
capture,['109po']
reversible,['109po']
sizing,['109po']
indeed,['109po']
cautious,['109po']
monotony,['109po']
principle,['109po']
organization,['109po']
movements [movement],['109po']
building,['109po']
settled,['109po']
sounds [sound],['109po']
moment,['109po']
cheerfulness,['109po']
lap,['109po']
extension,['109po']
complain,['109po']
arranged [arrange],['109po']
opportunity,['109po']
appeal,['109po']
clinching [clinch],['109po']
f,['109po']
lacks [lack],['109po']
dedication,['109po']
catholic,['109po']
venture,['109po']
debate,['109po']
class,['109po']
fifty,['109po']
invitations [invitation],['109po']
curving [curve],['109po']
fingernails [fingernail],['109po']
secretion,['109po']
taller,['109po']
surveyance [oversight],['109po']
accumulation,['109po']
disappointment,['109po']
aiming,['109po']
flowers [flower],['109po']
abundant,['109po']
lilac,['109po']
dance,['109po']
dream,['109po']
extravagant,['109po']
secure,['109po']
rights [right],['109po']
translate,['109po']
mistakes [mistake],['109po']
clearness,['109po']
notion,['109po']
liking,['109po']
craving,['109po']
seem,['109po']
echo,['109po']
habit,['109po']
attaching [attach],['109po']
cases [case],['109po']
books [book],['109po']
slippers [slipper],['109po']
willow,['109po']
wideness,['109po']
center,['109po']
pussy,['109po']
tobacco,['109po']
zone,['109po']
bread,['109po']
haughty,['109po']
safe,['109po']
pleases [pleasure],['109po']
safer [safe],['109po']
naughty,['109po']
scratching,['109po']
pease,['109po']
cracker,['109po']
wretched,['109po']
ingredient,['109po']
pecking [peck],['109po']
petting [pet],['109po']
continuous,['109po']
notwithstanding,['109po']
declarations [declaration],['109po']
torch,['109po']
celebrating [celebrate],['109po']
europe [continent],['109po']
asia [continent],['109po']
overbearing,['109po']
strict,['109po']
withstanding [withstand],['109po']
cultivation,['109po']
seasoning,['109po']
drowning [drown],['109po']
encircling [encircle],['109po']
terrific,['109po']
pedestrianism,['109po']
resolution,['109po']
wrong,['109po']
breathing,['109po']
incredible,['109po']
justice,['109po']
magnificent,['109po']
fountain,['109po']
